instance id,request id,model,input,output,arrival,end_time,latency,queuing_delay,TTFT,TPOT,ITL
0,0,meta-llama/Llama-3.1-8B,12,4,0,44476031,44476031,1,11034092,11147313,"[11147313, 11147313, 11147313]"
0,2,meta-llama/Llama-3.1-8B,12,4,100000000,153177591,53177591,476031,16413746,12254615,"[12254615, 12254615, 12254615]"
0,4,meta-llama/Llama-3.1-8B,12,4,100000000,153177591,53177591,476031,16413746,12254615,"[12254615, 12254615, 12254615]"
0,6,meta-llama/Llama-3.1-8B,12,4,100000000,153177591,53177591,476031,16413746,12254615,"[12254615, 12254615, 12254615]"
0,8,meta-llama/Llama-3.1-8B,12,4,100000000,153177591,53177591,476031,16413746,12254615,"[12254615, 12254615, 12254615]"
0,10,meta-llama/Llama-3.1-8B,12,4,100000000,153177591,53177591,476031,16413746,12254615,"[12254615, 12254615, 12254615]"
0,12,meta-llama/Llama-3.1-8B,12,4,100000000,153177591,53177591,476031,16413746,12254615,"[12254615, 12254615, 12254615]"
0,14,meta-llama/Llama-3.1-8B,12,4,100000000,153177591,53177591,476031,16413746,12254615,"[12254615, 12254615, 12254615]"
0,16,meta-llama/Llama-3.1-8B,12,4,100000000,153177591,53177591,476031,16413746,12254615,"[12254615, 12254615, 12254615]"
0,18,meta-llama/Llama-3.1-8B,12,4,100000000,153177591,53177591,476031,16413746,12254615,"[12254615, 12254615, 12254615]"
0,20,meta-llama/Llama-3.1-8B,12,4,100000000,153177591,53177591,476031,16413746,12254615,"[12254615, 12254615, 12254615]"
0,22,meta-llama/Llama-3.1-8B,12,4,100000000,153177591,53177591,476031,16413746,12254615,"[12254615, 12254615, 12254615]"
0,24,meta-llama/Llama-3.1-8B,12,4,100000000,153177591,53177591,476031,16413746,12254615,"[12254615, 12254615, 12254615]"
0,26,meta-llama/Llama-3.1-8B,12,4,100000000,153177591,53177591,476031,16413746,12254615,"[12254615, 12254615, 12254615]"
0,28,meta-llama/Llama-3.1-8B,12,4,100000000,153177591,53177591,476031,16413746,12254615,"[12254615, 12254615, 12254615]"
0,30,meta-llama/Llama-3.1-8B,12,4,100000000,153177591,53177591,476031,16413746,12254615,"[12254615, 12254615, 12254615]"
0,32,meta-llama/Llama-3.1-8B,12,4,100000000,153177591,53177591,476031,16413746,12254615,"[12254615, 12254615, 12254615]"
0,34,meta-llama/Llama-3.1-8B,12,4,100000000,153177591,53177591,476031,16413746,12254615,"[12254615, 12254615, 12254615]"
0,36,meta-llama/Llama-3.1-8B,12,4,100000000,153177591,53177591,476031,16413746,12254615,"[12254615, 12254615, 12254615]"
0,38,meta-llama/Llama-3.1-8B,12,4,100000000,153177591,53177591,476031,16413746,12254615,"[12254615, 12254615, 12254615]"
0,40,meta-llama/Llama-3.1-8B,12,4,100000000,153177591,53177591,476031,16413746,12254615,"[12254615, 12254615, 12254615]"
0,42,meta-llama/Llama-3.1-8B,12,4,100000000,153177591,53177591,476031,16413746,12254615,"[12254615, 12254615, 12254615]"
0,44,meta-llama/Llama-3.1-8B,12,4,100000000,153177591,53177591,476031,16413746,12254615,"[12254615, 12254615, 12254615]"
0,46,meta-llama/Llama-3.1-8B,12,4,100000000,153177591,53177591,476031,16413746,12254615,"[12254615, 12254615, 12254615]"
0,48,meta-llama/Llama-3.1-8B,12,4,100000000,153177591,53177591,476031,16413746,12254615,"[12254615, 12254615, 12254615]"
0,50,meta-llama/Llama-3.1-8B,12,4,100000000,153177591,53177591,476031,16413746,12254615,"[12254615, 12254615, 12254615]"
0,52,meta-llama/Llama-3.1-8B,12,4,100000000,153177591,53177591,476031,16413746,12254615,"[12254615, 12254615, 12254615]"
0,54,meta-llama/Llama-3.1-8B,12,4,100000000,153177591,53177591,476031,16413746,12254615,"[12254615, 12254615, 12254615]"
0,56,meta-llama/Llama-3.1-8B,12,4,100000000,153177591,53177591,476031,16413746,12254615,"[12254615, 12254615, 12254615]"
0,58,meta-llama/Llama-3.1-8B,12,4,100000000,153177591,53177591,476031,16413746,12254615,"[12254615, 12254615, 12254615]"
0,60,meta-llama/Llama-3.1-8B,12,4,100000000,153177591,53177591,476031,16413746,12254615,"[12254615, 12254615, 12254615]"
0,62,meta-llama/Llama-3.1-8B,12,4,100000000,153177591,53177591,476031,16413746,12254615,"[12254615, 12254615, 12254615]"
0,64,meta-llama/Llama-3.1-8B,12,4,100000000,153177591,53177591,476031,16413746,12254615,"[12254615, 12254615, 12254615]"
0,66,meta-llama/Llama-3.1-8B,12,4,100000000,153177591,53177591,476031,16413746,12254615,"[12254615, 12254615, 12254615]"
0,68,meta-llama/Llama-3.1-8B,12,4,100000000,153177591,53177591,476031,16413746,12254615,"[12254615, 12254615, 12254615]"
0,70,meta-llama/Llama-3.1-8B,12,4,100000000,153177591,53177591,476031,16413746,12254615,"[12254615, 12254615, 12254615]"
0,72,meta-llama/Llama-3.1-8B,12,4,100000000,153177591,53177591,476031,16413746,12254615,"[12254615, 12254615, 12254615]"
0,74,meta-llama/Llama-3.1-8B,12,4,100000000,153177591,53177591,476031,16413746,12254615,"[12254615, 12254615, 12254615]"
0,76,meta-llama/Llama-3.1-8B,12,4,100000000,153177591,53177591,476031,16413746,12254615,"[12254615, 12254615, 12254615]"
0,78,meta-llama/Llama-3.1-8B,12,4,100000000,153177591,53177591,476031,16413746,12254615,"[12254615, 12254615, 12254615]"
0,80,meta-llama/Llama-3.1-8B,12,4,100000000,153177591,53177591,476031,16413746,12254615,"[12254615, 12254615, 12254615]"
0,82,meta-llama/Llama-3.1-8B,12,4,100000000,153177591,53177591,476031,16413746,12254615,"[12254615, 12254615, 12254615]"
0,84,meta-llama/Llama-3.1-8B,12,4,100000000,153177591,53177591,476031,16413746,12254615,"[12254615, 12254615, 12254615]"
0,86,meta-llama/Llama-3.1-8B,12,4,100000000,153177591,53177591,476031,16413746,12254615,"[12254615, 12254615, 12254615]"
0,88,meta-llama/Llama-3.1-8B,12,4,100000000,153177591,53177591,476031,16413746,12254615,"[12254615, 12254615, 12254615]"
0,90,meta-llama/Llama-3.1-8B,12,4,100000000,153177591,53177591,476031,16413746,12254615,"[12254615, 12254615, 12254615]"
0,92,meta-llama/Llama-3.1-8B,12,4,100000000,153177591,53177591,476031,16413746,12254615,"[12254615, 12254615, 12254615]"
0,94,meta-llama/Llama-3.1-8B,12,4,100000000,153177591,53177591,476031,16413746,12254615,"[12254615, 12254615, 12254615]"
0,96,meta-llama/Llama-3.1-8B,12,4,100000000,153177591,53177591,476031,16413746,12254615,"[12254615, 12254615, 12254615]"
0,98,meta-llama/Llama-3.1-8B,12,4,100000000,153177591,53177591,476031,16413746,12254615,"[12254615, 12254615, 12254615]"
1,1,meta-llama/Llama-3.1-8B,12,4,100000000,153522670,53522670,476031,16646496,12292058,"[12292058, 12292058, 12292058]"
1,3,meta-llama/Llama-3.1-8B,12,4,100000000,153522670,53522670,476031,16646496,12292058,"[12292058, 12292058, 12292058]"
1,5,meta-llama/Llama-3.1-8B,12,4,100000000,153522670,53522670,476031,16646496,12292058,"[12292058, 12292058, 12292058]"
1,7,meta-llama/Llama-3.1-8B,12,4,100000000,153522670,53522670,476031,16646496,12292058,"[12292058, 12292058, 12292058]"
1,9,meta-llama/Llama-3.1-8B,12,4,100000000,153522670,53522670,476031,16646496,12292058,"[12292058, 12292058, 12292058]"
1,11,meta-llama/Llama-3.1-8B,12,4,100000000,153522670,53522670,476031,16646496,12292058,"[12292058, 12292058, 12292058]"
1,13,meta-llama/Llama-3.1-8B,12,4,100000000,153522670,53522670,476031,16646496,12292058,"[12292058, 12292058, 12292058]"
1,15,meta-llama/Llama-3.1-8B,12,4,100000000,153522670,53522670,476031,16646496,12292058,"[12292058, 12292058, 12292058]"
1,17,meta-llama/Llama-3.1-8B,12,4,100000000,153522670,53522670,476031,16646496,12292058,"[12292058, 12292058, 12292058]"
1,19,meta-llama/Llama-3.1-8B,12,4,100000000,153522670,53522670,476031,16646496,12292058,"[12292058, 12292058, 12292058]"
1,21,meta-llama/Llama-3.1-8B,12,4,100000000,153522670,53522670,476031,16646496,12292058,"[12292058, 12292058, 12292058]"
1,23,meta-llama/Llama-3.1-8B,12,4,100000000,153522670,53522670,476031,16646496,12292058,"[12292058, 12292058, 12292058]"
1,25,meta-llama/Llama-3.1-8B,12,4,100000000,153522670,53522670,476031,16646496,12292058,"[12292058, 12292058, 12292058]"
1,27,meta-llama/Llama-3.1-8B,12,4,100000000,153522670,53522670,476031,16646496,12292058,"[12292058, 12292058, 12292058]"
1,29,meta-llama/Llama-3.1-8B,12,4,100000000,153522670,53522670,476031,16646496,12292058,"[12292058, 12292058, 12292058]"
1,31,meta-llama/Llama-3.1-8B,12,4,100000000,153522670,53522670,476031,16646496,12292058,"[12292058, 12292058, 12292058]"
1,33,meta-llama/Llama-3.1-8B,12,4,100000000,153522670,53522670,476031,16646496,12292058,"[12292058, 12292058, 12292058]"
1,35,meta-llama/Llama-3.1-8B,12,4,100000000,153522670,53522670,476031,16646496,12292058,"[12292058, 12292058, 12292058]"
1,37,meta-llama/Llama-3.1-8B,12,4,100000000,153522670,53522670,476031,16646496,12292058,"[12292058, 12292058, 12292058]"
1,39,meta-llama/Llama-3.1-8B,12,4,100000000,153522670,53522670,476031,16646496,12292058,"[12292058, 12292058, 12292058]"
1,41,meta-llama/Llama-3.1-8B,12,4,100000000,153522670,53522670,476031,16646496,12292058,"[12292058, 12292058, 12292058]"
1,43,meta-llama/Llama-3.1-8B,12,4,100000000,153522670,53522670,476031,16646496,12292058,"[12292058, 12292058, 12292058]"
1,45,meta-llama/Llama-3.1-8B,12,4,100000000,153522670,53522670,476031,16646496,12292058,"[12292058, 12292058, 12292058]"
1,47,meta-llama/Llama-3.1-8B,12,4,100000000,153522670,53522670,476031,16646496,12292058,"[12292058, 12292058, 12292058]"
1,49,meta-llama/Llama-3.1-8B,12,4,100000000,153522670,53522670,476031,16646496,12292058,"[12292058, 12292058, 12292058]"
1,51,meta-llama/Llama-3.1-8B,12,4,100000000,153522670,53522670,476031,16646496,12292058,"[12292058, 12292058, 12292058]"
1,53,meta-llama/Llama-3.1-8B,12,4,100000000,153522670,53522670,476031,16646496,12292058,"[12292058, 12292058, 12292058]"
1,55,meta-llama/Llama-3.1-8B,12,4,100000000,153522670,53522670,476031,16646496,12292058,"[12292058, 12292058, 12292058]"
1,57,meta-llama/Llama-3.1-8B,12,4,100000000,153522670,53522670,476031,16646496,12292058,"[12292058, 12292058, 12292058]"
1,59,meta-llama/Llama-3.1-8B,12,4,100000000,153522670,53522670,476031,16646496,12292058,"[12292058, 12292058, 12292058]"
1,61,meta-llama/Llama-3.1-8B,12,4,100000000,153522670,53522670,476031,16646496,12292058,"[12292058, 12292058, 12292058]"
1,63,meta-llama/Llama-3.1-8B,12,4,100000000,153522670,53522670,476031,16646496,12292058,"[12292058, 12292058, 12292058]"
1,65,meta-llama/Llama-3.1-8B,12,4,100000000,153522670,53522670,476031,16646496,12292058,"[12292058, 12292058, 12292058]"
1,67,meta-llama/Llama-3.1-8B,12,4,100000000,153522670,53522670,476031,16646496,12292058,"[12292058, 12292058, 12292058]"
1,69,meta-llama/Llama-3.1-8B,12,4,100000000,153522670,53522670,476031,16646496,12292058,"[12292058, 12292058, 12292058]"
1,71,meta-llama/Llama-3.1-8B,12,4,100000000,153522670,53522670,476031,16646496,12292058,"[12292058, 12292058, 12292058]"
1,73,meta-llama/Llama-3.1-8B,12,4,100000000,153522670,53522670,476031,16646496,12292058,"[12292058, 12292058, 12292058]"
1,75,meta-llama/Llama-3.1-8B,12,4,100000000,153522670,53522670,476031,16646496,12292058,"[12292058, 12292058, 12292058]"
1,77,meta-llama/Llama-3.1-8B,12,4,100000000,153522670,53522670,476031,16646496,12292058,"[12292058, 12292058, 12292058]"
1,79,meta-llama/Llama-3.1-8B,12,4,100000000,153522670,53522670,476031,16646496,12292058,"[12292058, 12292058, 12292058]"
1,81,meta-llama/Llama-3.1-8B,12,4,100000000,153522670,53522670,476031,16646496,12292058,"[12292058, 12292058, 12292058]"
1,83,meta-llama/Llama-3.1-8B,12,4,100000000,153522670,53522670,476031,16646496,12292058,"[12292058, 12292058, 12292058]"
1,85,meta-llama/Llama-3.1-8B,12,4,100000000,153522670,53522670,476031,16646496,12292058,"[12292058, 12292058, 12292058]"
1,87,meta-llama/Llama-3.1-8B,12,4,100000000,153522670,53522670,476031,16646496,12292058,"[12292058, 12292058, 12292058]"
1,89,meta-llama/Llama-3.1-8B,12,4,100000000,153522670,53522670,476031,16646496,12292058,"[12292058, 12292058, 12292058]"
1,91,meta-llama/Llama-3.1-8B,12,4,100000000,153522670,53522670,476031,16646496,12292058,"[12292058, 12292058, 12292058]"
1,93,meta-llama/Llama-3.1-8B,12,4,100000000,153522670,53522670,476031,16646496,12292058,"[12292058, 12292058, 12292058]"
1,95,meta-llama/Llama-3.1-8B,12,4,100000000,153522670,53522670,476031,16646496,12292058,"[12292058, 12292058, 12292058]"
1,97,meta-llama/Llama-3.1-8B,12,4,100000000,153522670,53522670,476031,16646496,12292058,"[12292058, 12292058, 12292058]"
1,99,meta-llama/Llama-3.1-8B,12,4,100000000,153522670,53522670,476031,16646496,12292058,"[12292058, 12292058, 12292058]"
